{"cameraMode":{"drawMode":0,"name":"Shaded","section":"Shading Mode"},"sceneLighting":false,"audioPlay":false,"sceneViewState":{"m_AlwaysRefresh":false,"showFog":true,"showSkybox":false,"showFlares":true,"showImageEffects":true,"showParticleSystems":true,"showVisualEffectGraphs":true,"m_FxEnabled":true},"in2DMode":false,"pivot":{"x":2.117328643798828,"y":7.3250885009765629,"z":-0.7496156692504883},"rotation":{"x":0.007065318990498781,"y":-0.9826180338859558,"z":0.040459297597408298,"w":0.18159881234169007},"size":12.934407234191895,"orthographic":true}