{"cameraMode":{"drawMode":0,"name":"Shaded","section":"Shading Mode"},"sceneLighting":false,"audioPlay":false,"sceneViewState":{"m_AlwaysRefresh":false,"showFog":true,"showSkybox":false,"showFlares":true,"showImageEffects":true,"showParticleSystems":true,"showVisualEffectGraphs":true,"m_FxEnabled":true},"in2DMode":false,"pivot":{"x":0.00857234001159668,"y":4.574787139892578,"z":0.035434722900390628},"rotation":{"x":0.12485827505588532,"y":-0.608353316783905,"z":0.09831538051366806,"w":0.7777414321899414},"size":6.7220001220703129,"orthographic":true}