{"cameraMode":{"drawMode":0,"name":"Shaded","section":"Shading Mode"},"sceneLighting":false,"audioPlay":false,"sceneViewState":{"m_AlwaysRefresh":false,"showFog":true,"showSkybox":false,"showFlares":true,"showImageEffects":true,"showParticleSystems":true,"showVisualEffectGraphs":true,"m_FxEnabled":true},"in2DMode":false,"pivot":{"x":-0.7461376190185547,"y":4.559046268463135,"z":-0.7190510034561157},"rotation":{"x":0.008053071796894074,"y":-0.8037447333335877,"z":0.011554079130291939,"w":0.5949799418449402},"size":8.180452346801758,"orthographic":true}