{"cameraMode":{"drawMode":0,"name":"Shaded","section":"Shading Mode"},"sceneLighting":false,"audioPlay":false,"sceneViewState":{"m_AlwaysRefresh":false,"showFog":true,"showSkybox":false,"showFlares":true,"showImageEffects":true,"showParticleSystems":true,"showVisualEffectGraphs":true,"m_FxEnabled":true},"in2DMode":false,"pivot":{"x":-0.04060232639312744,"y":0.06027519702911377,"z":-0.2831563949584961},"rotation":{"x":0.09949176758527756,"y":-0.44241243600845339,"z":0.05002237856388092,"w":0.889995813369751},"size":2.8028383255004885,"orthographic":true}