{"cameraMode":{"drawMode":0,"name":"Shaded","section":"Shading Mode"},"sceneLighting":false,"audioPlay":false,"sceneViewState":{"m_AlwaysRefresh":false,"showFog":true,"showSkybox":false,"showFlares":true,"showImageEffects":true,"showParticleSystems":true,"showVisualEffectGraphs":true,"m_FxEnabled":true},"in2DMode":false,"pivot":{"x":-0.09404420852661133,"y":3.2001702785491945,"z":-0.18973922729492188},"rotation":{"x":0.00940690841525793,"y":-0.9703185558319092,"z":0.03997987508773804,"w":0.2387395203113556},"size":5.910825252532959,"orthographic":true}