{"cameraMode":{"drawMode":0,"name":"Shaded","section":"Shading Mode"},"sceneLighting":false,"audioPlay":false,"sceneViewState":{"m_AlwaysRefresh":false,"showFog":true,"showSkybox":false,"showFlares":true,"showImageEffects":true,"showParticleSystems":true,"showVisualEffectGraphs":true,"m_FxEnabled":true},"in2DMode":false,"pivot":{"x":-0.05539238452911377,"y":0.1219605803489685,"z":0.17588889598846436},"rotation":{"x":0.17498932778835298,"y":-0.5928526520729065,"z":0.13460302352905274,"w":0.7746065855026245},"size":4.437966346740723,"orthographic":true}