{"cameraMode":{"drawMode":0,"name":"Shaded","section":"Shading Mode"},"sceneLighting":false,"audioPlay":false,"sceneViewState":{"m_AlwaysRefresh":false,"showFog":true,"showSkybox":false,"showFlares":true,"showImageEffects":true,"showParticleSystems":true,"showVisualEffectGraphs":true,"m_FxEnabled":true},"in2DMode":false,"pivot":{"x":-0.09184861183166504,"y":4.013973236083984,"z":0.004810333251953125},"rotation":{"x":0.12485827505588532,"y":-0.608353316783905,"z":0.09831538051366806,"w":0.7777414321899414},"size":6.250028133392334,"orthographic":true}