{"cameraMode":{"drawMode":0,"name":"Shaded","section":"Shading Mode"},"sceneLighting":false,"audioPlay":false,"sceneViewState":{"m_AlwaysRefresh":false,"showFog":true,"showSkybox":false,"showFlares":true,"showImageEffects":true,"showParticleSystems":true,"showVisualEffectGraphs":true,"m_FxEnabled":true},"in2DMode":false,"pivot":{"x":0.6996879577636719,"y":3.4790234565734865,"z":0.8878586292266846},"rotation":{"x":0.12105317413806915,"y":0.19182221591472627,"z":-0.023305272683501245,"w":0.9737648963928223},"size":5.843625545501709,"orthographic":true}