{"cameraMode":{"drawMode":0,"name":"Shaded","section":"Shading Mode"},"sceneLighting":false,"audioPlay":false,"sceneViewState":{"m_AlwaysRefresh":false,"showFog":true,"showSkybox":false,"showFlares":true,"showImageEffects":true,"showParticleSystems":true,"showVisualEffectGraphs":true,"m_FxEnabled":true},"in2DMode":false,"pivot":{"x":0.6996879577636719,"y":3.4790234565734865,"z":0.8878586292266846},"rotation":{"x":-0.0022148105781525375,"y":-0.8667740821838379,"z":0.002852003090083599,"w":-0.4988924562931061},"size":5.843625545501709,"orthographic":true}