{"cameraMode":{"drawMode":0,"name":"Shaded","section":"Shading Mode"},"sceneLighting":false,"audioPlay":false,"sceneViewState":{"m_AlwaysRefresh":false,"showFog":true,"showSkybox":false,"showFlares":true,"showImageEffects":true,"showParticleSystems":true,"showVisualEffectGraphs":true,"m_FxEnabled":true},"in2DMode":false,"pivot":{"x":-0.028399229049682618,"y":3.8560400009155275,"z":0.0002377033233642578},"rotation":{"x":0.12485827505588532,"y":-0.608353316783905,"z":0.09831538051366806,"w":0.7777414321899414},"size":5.620427131652832,"orthographic":true}